{
  "timestamp": "2025-06-14T20:55:46.843107",
  "camera_index": 0,
  "resolution": [
    1280,
    720
  ],
  "num_points": 4,
  "calibration_points": [
    [
      136,
      188,
      -200,
      200
    ],
    [
      957,
      194,
      200,
      200
    ],
    [
      877,
      534,
      200,
      400
    ],
    [
      406,
      584,
      -200,
      400
    ]
  ],
  "homography_matrix": [
    [
      0.3584326971199446,
      -0.0603197503678703,
      -202.46633612649657
    ],
    [
      -0.04468059942072219,
      0.07914886383212602,
      156.25617750812225
    ],
    [
      -0.0002148554977239615,
      -0.0007738385126213959,
      1.0
    ]
  ],
  "method": "homography"
}